{
  "POST - Login" : {
    "transaction" : "POST - Login",
    "sampleCount" : 300,
    "errorCount" : 0,
    "errorPct" : 0.0,
    "meanResTime" : 312.7999999999999,
    "medianResTime" : 298.0,
    "minResTime" : 264.0,
    "maxResTime" : 986.0,
    "pct1ResTime" : 334.2000000000003,
    "pct2ResTime" : 356.0,
    "pct3ResTime" : 942.0,
    "throughput" : 3.157130378960883,
    "receivedKBytesPerSec" : 0.7648641644654453,
    "sentKBytesPerSec" : 0.7800331893331088
  },
  "POST - View Cart" : {
    "transaction" : "POST - View Cart",
    "sampleCount" : 300,
    "errorCount" : 0,
    "errorPct" : 0.0,
    "meanResTime" : 319.87333333333333,
    "medianResTime" : 300.0,
    "minResTime" : 264.0,
    "maxResTime" : 801.0,
    "pct1ResTime" : 360.60000000000014,
    "pct2ResTime" : 399.0,
    "pct3ResTime" : 727.0,
    "throughput" : 3.1656255276042544,
    "receivedKBytesPerSec" : 0.8748750237421915,
    "sentKBytesPerSec" : 0.7172120335978389
  },
  "TC07 - View Cart" : {
    "transaction" : "TC07 - View Cart",
    "sampleCount" : 300,
    "errorCount" : 0,
    "errorPct" : 0.0,
    "meanResTime" : 1720.906666666667,
    "medianResTime" : 1437.5,
    "minResTime" : 349.0,
    "maxResTime" : 6095.0,
    "pct1ResTime" : 3224.1000000000076,
    "pct2ResTime" : 4055.0,
    "pct3ResTime" : 5416.0,
    "throughput" : 3.146369090070059,
    "receivedKBytesPerSec" : 0.8695531762595964,
    "sentKBytesPerSec" : 0.7128492469689978
  },
  "TC04 - User Signup" : {
    "transaction" : "TC04 - User Signup",
    "sampleCount" : 300,
    "errorCount" : 0,
    "errorPct" : 0.0,
    "meanResTime" : 1422.0866666666664,
    "medianResTime" : 1254.5,
    "minResTime" : 278.0,
    "maxResTime" : 3828.0,
    "pct1ResTime" : 2512.300000000002,
    "pct2ResTime" : 2995.0,
    "pct3ResTime" : 3577.0,
    "throughput" : 3.237049106034939,
    "receivedKBytesPerSec" : 0.8124234572763468,
    "sentKBytesPerSec" : 0.8029399149735101
  },
  "TC06 - Add to Cart" : {
    "transaction" : "TC06 - Add to Cart",
    "sampleCount" : 300,
    "errorCount" : 0,
    "errorPct" : 0.0,
    "meanResTime" : 2072.98,
    "medianResTime" : 1868.5,
    "minResTime" : 348.0,
    "maxResTime" : 6209.0,
    "pct1ResTime" : 3636.3000000000015,
    "pct2ResTime" : 4727.0,
    "pct3ResTime" : 6151.0,
    "throughput" : 3.144720015094656,
    "receivedKBytesPerSec" : 0.6050719747793455,
    "sentKBytesPerSec" : 0.8537423478479633
  },
  "TC02 - Browse Products" : {
    "transaction" : "TC02 - Browse Products",
    "sampleCount" : 300,
    "errorCount" : 0,
    "errorPct" : 0.0,
    "meanResTime" : 2551.126666666668,
    "medianResTime" : 2170.5,
    "minResTime" : 360.0,
    "maxResTime" : 7961.0,
    "pct1ResTime" : 4984.800000000002,
    "pct2ResTime" : 5648.0,
    "pct3ResTime" : 7523.0,
    "throughput" : 3.1502677727606847,
    "receivedKBytesPerSec" : 9.01719028929959,
    "sentKBytesPerSec" : 0.5691401737897721
  },
  "POST - Delete Cart Item" : {
    "transaction" : "POST - Delete Cart Item",
    "sampleCount" : 300,
    "errorCount" : 0,
    "errorPct" : 0.0,
    "meanResTime" : 290.5999999999998,
    "medianResTime" : 281.0,
    "minResTime" : 250.0,
    "maxResTime" : 666.0,
    "pct1ResTime" : 324.60000000000014,
    "pct2ResTime" : 351.0,
    "pct3ResTime" : 509.0,
    "throughput" : 3.0930067118245645,
    "receivedKBytesPerSec" : 0.7793732537399607,
    "sentKBytesPerSec" : 0.7792927066901736
  },
  "GET - Get All Products" : {
    "transaction" : "GET - Get All Products",
    "sampleCount" : 300,
    "errorCount" : 0,
    "errorPct" : 0.0,
    "meanResTime" : 442.29999999999984,
    "medianResTime" : 326.0,
    "minResTime" : 270.0,
    "maxResTime" : 1680.0,
    "pct1ResTime" : 704.9000000000001,
    "pct2ResTime" : 770.0,
    "pct3ResTime" : 801.0,
    "throughput" : 3.213883978788366,
    "receivedKBytesPerSec" : 9.199282567357653,
    "sentKBytesPerSec" : 0.58063333601157
  },
  "POST - View Product" : {
    "transaction" : "POST - View Product",
    "sampleCount" : 300,
    "errorCount" : 0,
    "errorPct" : 0.0,
    "meanResTime" : 302.846666666667,
    "medianResTime" : 298.0,
    "minResTime" : 257.0,
    "maxResTime" : 367.0,
    "pct1ResTime" : 340.80000000000007,
    "pct2ResTime" : 352.0,
    "pct3ResTime" : 366.0,
    "throughput" : 3.2636365614325187,
    "receivedKBytesPerSec" : 1.5745346598202825,
    "sentKBytesPerSec" : 0.6693004667000283
  },
  "POST - Signup" : {
    "transaction" : "POST - Signup",
    "sampleCount" : 300,
    "errorCount" : 0,
    "errorPct" : 0.0,
    "meanResTime" : 301.5399999999998,
    "medianResTime" : 297.0,
    "minResTime" : 260.0,
    "maxResTime" : 445.0,
    "pct1ResTime" : 331.0,
    "pct2ResTime" : 344.0,
    "pct3ResTime" : 397.0,
    "throughput" : 3.2470695197584183,
    "receivedKBytesPerSec" : 0.8149383462674935,
    "sentKBytesPerSec" : 0.8054254472838263
  },
  "TC03 - View Product Detail" : {
    "transaction" : "TC03 - View Product Detail",
    "sampleCount" : 300,
    "errorCount" : 0,
    "errorPct" : 0.0,
    "meanResTime" : 2646.0400000000027,
    "medianResTime" : 2322.0,
    "minResTime" : 297.0,
    "maxResTime" : 7825.0,
    "pct1ResTime" : 4659.200000000001,
    "pct2ResTime" : 5822.0,
    "pct3ResTime" : 7795.0,
    "throughput" : 3.1766537129787484,
    "receivedKBytesPerSec" : 1.5325699657980285,
    "sentKBytesPerSec" : 0.6514621872319699
  },
  "TC01 - Load Homepage" : {
    "transaction" : "TC01 - Load Homepage",
    "sampleCount" : 300,
    "errorCount" : 0,
    "errorPct" : 0.0,
    "meanResTime" : 1778.473333333334,
    "medianResTime" : 1608.0,
    "minResTime" : 204.0,
    "maxResTime" : 4505.0,
    "pct1ResTime" : 3250.4,
    "pct2ResTime" : 3817.0,
    "pct3ResTime" : 4255.0,
    "throughput" : 3.06563525071787,
    "receivedKBytesPerSec" : 17.765056899467602,
    "sentKBytesPerSec" : 0.5628314718114839
  },
  "POST - Place Order" : {
    "transaction" : "POST - Place Order",
    "sampleCount" : 300,
    "errorCount" : 300,
    "errorPct" : 100.0,
    "meanResTime" : 299.14,
    "medianResTime" : 286.0,
    "minResTime" : 252.0,
    "maxResTime" : 710.0,
    "pct1ResTime" : 334.0,
    "pct2ResTime" : 355.0,
    "pct3ResTime" : 632.0,
    "throughput" : 3.094091316948401,
    "receivedKBytesPerSec" : 1.317647794428573,
    "sentKBytesPerSec" : 1.030356581132231
  },
  "TC05 - User Login" : {
    "transaction" : "TC05 - User Login",
    "sampleCount" : 300,
    "errorCount" : 0,
    "errorPct" : 0.0,
    "meanResTime" : 1646.966666666667,
    "medianResTime" : 1482.5,
    "minResTime" : 302.0,
    "maxResTime" : 5151.0,
    "pct1ResTime" : 2935.3,
    "pct2ResTime" : 3390.0,
    "pct3ResTime" : 4219.0,
    "throughput" : 3.1362054005457,
    "receivedKBytesPerSec" : 0.7597947614915793,
    "sentKBytesPerSec" : 0.7748632483770137
  },
  "Total" : {
    "transaction" : "Total",
    "sampleCount" : 2700,
    "errorCount" : 300,
    "errorPct" : 11.111111,
    "meanResTime" : 330.08814814814804,
    "medianResTime" : 297.0,
    "minResTime" : 163.0,
    "maxResTime" : 1680.0,
    "pct1ResTime" : 393.9000000000001,
    "pct2ResTime" : 640.0,
    "pct3ResTime" : 791.0,
    "throughput" : 24.912575314405927,
    "receivedKBytesPerSec" : 29.838521675093883,
    "sentKBytesPerSec" : 5.944309148912612
  },
  "POST - Add to Cart" : {
    "transaction" : "POST - Add to Cart",
    "sampleCount" : 300,
    "errorCount" : 0,
    "errorPct" : 0.0,
    "meanResTime" : 312.96000000000004,
    "medianResTime" : 303.5,
    "minResTime" : 270.0,
    "maxResTime" : 636.0,
    "pct1ResTime" : 352.7000000000001,
    "pct2ResTime" : 370.0,
    "pct3ResTime" : 433.0,
    "throughput" : 3.1671628555140305,
    "receivedKBytesPerSec" : 0.6093901759886827,
    "sentKBytesPerSec" : 0.859835228352442
  },
  "TC08 - Checkout" : {
    "transaction" : "TC08 - Checkout",
    "sampleCount" : 300,
    "errorCount" : 300,
    "errorPct" : 100.0,
    "meanResTime" : 2694.379999999999,
    "medianResTime" : 2406.5,
    "minResTime" : 326.0,